scenario,seed,b,c,q,K,G,rounds,partner,model,cooperation_rate,mean_r1,mean_rho,mean_r2,mean_cfe,mean_brier,bonus,trajectory_scalar,parse_failures
0,0,5.2403760517636435,2.012327950966199,0.5,6,4,7,always_cooperate,qwen3-8b-base,0.0,1.0,-1.0,-0.20434324229115394,0.21775649831776775,0.3711111111111112,0.06534934325082897,0.6961141290143663,1
0,1,5.2403760517636435,2.012327950966199,0.5,6,4,7,always_cooperate,qwen3-8b-base,1.0,0.7225410067460659,1.0,0.20434324229115394,0.11958876575431797,0.1985714285714286,0.10950430490679439,0.8827333382896031,0
1,0,5.212584259632307,2.0288250989227055,0.25,4,3,6,tit_for_tat,qwen3-8b-base,1.0,0.7198300774798972,1.0,0.11576806240867395,0.0435581046372025,0.0625,0.1282342118632734,0.8351914562138489,0
1,1,5.212584259632307,2.0288250989227055,0.25,4,3,6,tit_for_tat,qwen3-8b-base,0.0,0.4001416021000857,0.6,0.06946083744520437,0.20071797727750063,0.0625,0.03663834624664952,0.37534984194764803,1
2,0,5.178156328253721,1.683325670234944,0.5,6,4,7,tit_for_tat,qwen3-8b-base,1.0,0.7546702489920225,1.0,0.1992927470737606,0.3394612065021488,0.0719047619047619,-0.06669935092648209,0.7747039141109255,0
2,1,5.178156328253721,1.683325670234944,0.5,6,4,7,tit_for_tat,qwen3-8b-base,0.8571428571428571,0.6819073207085875,0.6666666666666666,0.13286183138250707,0.3214389007133463,0.0280952380952381,-0.07882650564038791,0.6427887723572231,1
3,0,5.487030081371708,2.978916489377316,0.5,6,4,7,random,qwen3-8b-base,0.14285714285714285,0.5793730530298814,0.0,0.0,0.1831838655861983,0.055714285714285716,0.010580681637876928,0.4892926461850505,1
3,1,5.487030081371708,2.978916489377316,0.5,6,4,7,random,qwen3-8b-base,0.2857142857142857,0.621695779581389,0.3333333333333333,0.07265432663259931,0.14600719966635883,0.08777777777777777,0.030566413620533313,0.625713136898028,0
4,0,3.7612659304154175,3.6057549645139373,0.0,6,4,5,tit_for_tat,qwen3-8b-base,1.0,0.5105545354166511,1.0,0.07669236966960633,0.4392424037696846,0.06000000000000001,-0.0016418166203679382,0.36729733987734153,0
4,1,3.7612659304154175,3.6057549645139373,0.0,6,4,5,tit_for_tat,qwen3-8b-base,0.8,0.6084436283333209,0.5,0.03834618483480316,0.4285008645164634,0.005555555555555557,-0.0025799975462924194,0.4320233814006338,0
5,0,3.3244185981320324,1.4870288617154852,0.75,6,2,10,always_defect,qwen3-8b-base,0.1,0.2781545442847568,0.7777777777777778,0.24131134580301428,0.24052677478737383,0.02988888888888889,0.025458586031887886,0.40174836129727287,1
5,1,3.3244185981320324,1.4870288617154852,0.75,6,2,10,always_defect,qwen3-8b-base,0.0,0.3090606047608409,1.0,0.3102574446038755,0.32998093098487563,0.03444444444444445,2.960594732333751e-17,0.45432758387227856,0
6,0,4.42685461007909,2.8255534650667755,0.75,4,4,10,random,qwen3-8b-base,0.4,0.3558408426988547,0.1111111111111111,0.03638275641272144,0.13201339293649572,0.0605,-0.01195977176906018,0.3250209254664222,0
6,1,4.42685461007909,2.8255534650667755,0.75,4,4,10,random,qwen3-8b-base,0.3,0.4558408426988546,0.5555555555555556,0.1819137820636072,0.11948656327794811,0.03400000000000001,-0.010119806881512483,0.5769993624353367,1
7,0,3.650545727372893,0.45719473761187823,0.25,6,2,5,tit_for_tat,qwen3-8b-base,1.0,0.8886992151745952,1.0,0.09001920856235153,0.41864938028611814,0.10777777777777775,0.07773984303491902,0.7849417022008714,0
7,1,3.650545727372893,0.45719473761187823,0.25,6,2,5,tit_for_tat,qwen3-8b-base,0.8,0.7332195291047572,0.0,0.0,0.37292873137069665,0.03422222222222223,0.07773984303491902,0.5623031320263927,1
8,0,5.1310484775238905,2.057758459628438,0.5,6,4,10,random,qwen3-8b-base,0.0,0.42899582393776947,0.5555555555555556,0.12005202707246161,0.2155943612120605,0.10722222222222222,-0.0059376450021607855,0.44065690590398476,1
8,1,5.1310484775238905,2.057758459628438,0.5,6,4,10,random,qwen3-8b-base,0.1,0.6144979119688848,-0.3333333333333333,-0.07203121624347696,0.13459085670813864,0.18811111111111106,0.052251276019014865,0.4803963949732399,2
9,0,4.726490743892088,2.7822699982359422,0.25,4,2,10,always_defect,qwen3-8b-base,0.0,0.37053650978995367,1.0,0.14297890409810393,0.4557799741927912,0.0125,-0.06473174510502315,0.27915225228115964,2
9,1,4.726490743892088,2.7822699982359422,0.25,4,2,10,always_defect,qwen3-8b-base,0.1,0.3334828588109583,1.0,0.14297890409810393,0.4342483059963552,0.07024999999999999,-0.05825857059452082,0.25351175285143246,0
10,0,4.326894986328809,2.97504431783924,0.5,6,4,6,grim_trigger,qwen3-8b-base,1.0,0.5925679201221183,1.0,0.22396418847000646,0.4049222661631637,0.08999999999999998,-0.007713993343509874,0.6127853099532914,0
10,1,4.326894986328809,2.97504431783924,0.5,6,4,6,grim_trigger,qwen3-8b-base,0.3333333333333333,0.3703827066056075,0.6,0.13437851308200388,0.41642358312681776,0.06000000000000002,-0.021427759287527454,0.2929781349096146,1
11,0,3.5746159087679974,2.6848394518597125,0.5,4,2,10,tit_for_two_tats,qwen3-8b-base,1.0,0.5710745908106497,1.0,0.24759762638404825,0.12083234523452038,0.04375,0.0177686477026624,0.7600329093477042,0
11,1,3.5746159087679974,2.6848394518597125,0.5,4,2,10,tit_for_two_tats,qwen3-8b-base,0.0,0.5431403273514803,0.5555555555555556,0.1375542368800268,0.23758329067014256,0.0125,-0.007107459081064959,0.5611921729883294,1
12,0,3.2011022602518286,2.4125155077453746,0.0,6,4,6,tit_for_tat,qwen3-8b-base,1.0,0.5702387288463178,1.0,0.06280429134524597,0.15157195805639442,0.18055555555555558,0.021461833814152637,0.5608340134657254,0
12,1,3.2011022602518286,2.4125155077453746,0.0,6,4,6,tit_for_tat,qwen3-8b-base,0.16666666666666666,0.5482139689101745,0.2,0.012560858269049194,0.21245499027456147,0.0861111111111111,-0.00260143440171544,0.45411375964165707,0
13,0,4.804004873976078,4.597651620803855,0.0,4,3,6,random,qwen3-8b-base,0.0,0.8296752323506892,-0.2,-0.015950759631510558,0.3266031081621945,0.09375,-0.002514944425567841,0.6500037612338202,2
13,1,4.804004873976078,4.597651620803855,0.0,4,3,6,random,qwen3-8b-base,0.16666666666666666,0.7481709495086779,-0.2,-0.015950759631510558,0.3102814910043336,0.13541666666666666,-0.002286313114152579,0.5766983921893085,1
14,0,5.633860514066062,1.8324788579166473,0.5,6,4,6,always_defect,qwen3-8b-base,0.16666666666666666,0.20452669492372974,0.6,0.11626308330976154,0.4285414171845984,0.0037037222222222215,-0.08249887790003105,0.09276925665785352,0
14,1,5.633860514066062,1.8324788579166473,0.5,6,4,6,always_defect,qwen3-8b-base,0.16666666666666666,0.20452669492372974,0.6,0.11626308330976154,0.462572473370718,0.0212962962962963,-0.0683562131171686,0.07811083936193751,1
15,0,3.1705988823096463,0.9903707581868049,0.5,6,4,5,tit_for_tat,qwen3-8b-base,1.0,0.7619855841897846,1.0,0.18498886286026472,0.23298640838713372,0.028000000000000008,0.09023947899870362,0.8485291386562231,0
15,1,3.1705988823096463,0.9903707581868049,0.5,6,4,5,tit_for_tat,qwen3-8b-base,1.0,0.7619855841897846,1.0,0.18498886286026472,0.274375329627807,0.09777777777777781,0.06112996964428312,0.8220127761650025,0
16,0,5.185839274930386,4.9517994828650265,0.75,6,3,7,tit_for_two_tats,qwen3-8b-base,1.0,0.5115431116484297,1.0,0.338988809778912,0.07985309038506094,0.05603174603174603,0.0017864339455902992,0.8108605810841812,0
16,1,5.185839274930386,4.9517994828650265,0.75,6,3,7,tit_for_two_tats,qwen3-8b-base,1.0,0.5115431116484297,1.0,0.338988809778912,0.11382527293738753,0.05055555555555556,0.0012367619623317846,0.7937959652389811,0
17,0,5.7944528650601725,1.0462360519029512,1.0,6,3,7,tit_for_two_tats,qwen3-8b-base,0.8571428571428571,0.8689059289700787,1.0,0.3583335610739756,0.27385024684868114,0.012063492063492068,0.16939682860002506,1.1145139135625743,1
17,1,5.7944528650601725,1.0462360519029512,1.0,6,3,7,tit_for_two_tats,qwen3-8b-base,0.8571428571428571,0.8689059289700787,0.6666666666666666,0.23888904071598374,0.29374373539790716,0.019047619047619053,0.14460704880489947,0.9815812518163802,1
18,0,5.594826998880314,4.9916234365218894,0.0,6,2,8,always_defect,qwen3-8b-base,0.125,0.4125717617635751,1.0,0.07806622989112533,0.3244714657306622,0.01666666666666667,-0.014244707563671355,0.3266216703439104,0
18,1,5.594826998880314,4.9916234365218894,0.0,6,2,8,always_defect,qwen3-8b-base,0.125,0.4125717617635751,1.0,0.07806622989112533,0.32861200799859785,0.04055555555555555,-0.016025296009130274,0.32432882565426013,0
19,0,5.452607388317866,4.440050420164343,1.0,6,2,5,tit_for_two_tats,qwen3-8b-base,0.0,0.669293682615242,0.0,0.0,0.3698955499181692,0.025555555555555554,-0.003411813042750881,0.48366354504760745,1
19,1,5.452607388317866,4.440050420164343,1.0,6,2,5,tit_for_two_tats,qwen3-8b-base,0.0,0.669293682615242,0.0,0.0,0.3357977925922467,0.03138888888888889,-0.005117719564126292,0.5003712424062936,1
20,0,4.70781104723368,0.5882201555937073,0.5,6,2,5,grim_trigger,qwen3-8b-base,1.0,0.8889318938907167,1.0,0.1699956459542164,0.3115791170235592,0.013611111111111112,-0.025928792926047706,0.897952222747944,0
20,1,4.70781104723368,0.5882201555937073,0.5,6,2,5,grim_trigger,qwen3-8b-base,1.0,0.8889318938907167,1.0,0.1699956459542164,0.3367995062327095,0.04444444444444447,0.012964396463023853,0.893120666021183,0
21,0,3.3750104585148675,1.286190217835292,0.75,4,2,8,grim_trigger,qwen3-8b-base,1.0,0.7240646118582451,1.0,0.29584556898235825,0.2637063856061607,0.0546875,-0.10503028680855236,0.8749282021864541,0
21,1,3.3750104585148675,1.286190217835292,0.75,4,2,8,grim_trigger,qwen3-8b-base,1.0,0.7240646118582451,1.0,0.29584556898235825,0.2819302322866079,0.07906250000000004,-0.10503028680855236,0.8658162788462305,0
22,0,5.212834118176093,3.3512298755891243,0.75,4,2,10,random,qwen3-8b-base,0.0,0.6956565176316336,0.1111111111111111,0.03642880590407445,0.10416950991960246,0.10925000000000003,0.02717174118418324,0.6827177426943252,1
22,1,5.212834118176093,3.3512298755891243,0.75,4,2,10,random,qwen3-8b-base,0.7,0.6043434823683664,1.0,0.3278592531366701,0.09511468660952742,0.053500000000000006,0.05977783060520316,0.8906231752607934,1
23,0,5.439472978989331,1.648833156179425,0.75,6,4,10,always_cooperate,qwen3-8b-base,0.9,0.7906481728831041,0.7777777777777778,0.23121865875212144,0.08260036602818914,0.09211111111111114,0.13220794683084114,0.9937874433042151,1
23,1,5.439472978989331,1.648833156179425,0.75,6,4,10,always_cooperate,qwen3-8b-base,0.0,1.0,-1.0,-0.297281132681299,0.22239329260577403,0.36655777777777787,0.09804184821163489,0.6013264058369775,2
24,0,5.762407736062823,4.171438641400733,0.25,6,3,10,always_defect,qwen3-8b-base,0.0,0.4199217989583851,1.0,0.15515149481292675,0.4017583146889455,0.0348888888888889,-0.028694688706578743,0.3713246675561811,1
24,1,5.762407736062823,4.171438641400733,0.25,6,3,10,always_defect,qwen3-8b-base,0.0,0.4199217989583851,1.0,0.15515149481292675,0.40868615712170664,0.053666666666666675,-0.02202150528644416,0.368528064681814,2
25,0,4.531960009497773,3.5513288125600178,1.0,4,4,10,tit_for_tat,qwen3-8b-base,1.0,0.5606579338265013,1.0,0.43052568700089255,0.045122372995402796,0.0625,0.02173575962116292,0.9707960102918086,0
25,1,4.531960009497773,3.5513288125600178,1.0,4,4,10,tit_for_tat,qwen3-8b-base,1.0,0.5606579338265013,1.0,0.43052568700089255,0.04598367760298437,0.0625,0.020219311275500428,0.9702137131534514,0
26,0,3.028168891345638,2.4476117102029407,0.0,6,3,8,tit_for_two_tats,qwen3-8b-base,1.0,0.5530113625241407,1.0,0.070724597050988,0.0962349006317624,0.17125000000000007,0.02816228634094975,0.5791387950518663,0
26,1,3.028168891345638,2.4476117102029407,0.0,6,3,8,tit_for_two_tats,qwen3-8b-base,0.875,0.6088849422086231,1.0,0.070724597050988,0.07783246438080758,0.09638888888888891,0.03478870665646735,0.6450418954012659,1
27,0,3.240431993229857,0.6416423524229641,0.5,6,4,10,grim_trigger,qwen3-8b-base,1.0,0.8347166243373261,1.0,0.19782102257930964,0.0843741771013338,0.03999999999999998,0.17479645937615926,1.0078302043035845,0
27,1,3.240431993229857,0.6416423524229641,0.5,6,4,10,grim_trigger,qwen3-8b-base,1.0,0.8347166243373261,1.0,0.19782102257930964,0.11162667069740106,0.1690000000000001,0.15806062815929298,0.9925303743838644,0
28,0,3.890053813318353,1.4355980362382872,0.25,4,4,10,always_defect,qwen3-8b-base,0.4,0.16173772639957307,0.3333333333333333,0.041071296993295356,0.30806876523506205,0.025,0.032645259044545315,0.052039166679791936,0
28,1,3.890053813318353,1.4355980362382872,0.25,4,4,10,always_defect,qwen3-8b-base,0.4,0.16173772639957307,0.3333333333333333,0.041071296993295356,0.3019431218011782,0.025,0.04032649646679123,0.05587011213895843,0
29,0,5.884386466346344,4.363264204762649,0.75,4,4,6,tit_for_two_tats,qwen3-8b-base,0.8333333333333334,0.6451817474399347,0.6,0.1870749289642751,0.3763812507532472,0.041666666666666664,0.008246455214213522,0.6454404602299552,1
29,1,5.884386466346344,4.363264204762649,0.75,4,4,6,tit_for_two_tats,qwen3-8b-base,1.0,0.5742180969279217,1.0,0.31179154827379185,0.3352555272407196,0.041666666666666664,0.007215648312436855,0.7195844896334265,0
30,0,5.026767824546855,0.723344554037501,0.75,4,3,8,always_cooperate,qwen3-8b-base,0.0,1.0,-1.0,-0.275091122305114,0.33980944510431643,0.0390625,0.023387712856583504,0.5579276192498007,1
30,1,5.026767824546855,0.723344554037501,0.75,4,3,8,always_cooperate,qwen3-8b-base,1.0,0.8742034057053358,1.0,0.275091122305114,0.3827281986109061,0.021875000000000006,0.12863242071120926,0.9740094812938982,0
31,0,4.362374146307611,1.3218340500741925,0.5,6,2,10,always_defect,qwen3-8b-base,0.1,0.2092904770490333,1.0,0.20727071555918042,0.3172038400982931,0.13411111111111107,0.16938818281734694,0.27489809084080197,0
31,1,4.362374146307611,1.3218340500741925,0.5,6,2,10,always_defect,qwen3-8b-base,0.2,0.18603597959914073,0.7777777777777778,0.16121055654602923,0.3632227526620254,0.24911111111111112,0.17384576657569817,0.18301973647172712,0
32,0,3.5752552240237128,1.7399757313313648,0.5,6,4,9,tit_for_tat,qwen3-8b-base,1.0,0.6726434380845963,1.0,0.22103748925583336,0.42975346461401015,0.012469135802469132,0.03729950822815349,0.682948584836553,0
32,1,3.5752552240237128,1.7399757313313648,0.5,6,4,9,tit_for_tat,qwen3-8b-base,0.0,0.4020947217025812,0.75,0.16577811694187503,0.4918859447067909,0.011358024691358024,-0.0234454051719822,0.3193248212719515,1
33,0,3.012538737836909,2.274880375774049,0.75,4,2,6,always_defect,qwen3-8b-base,0.0,0.4302440050417066,1.0,0.31292810853079905,0.4105242075439706,0.11041666666666666,-0.061036495588506656,0.5277372605357693,1
33,1,3.012538737836909,2.274880375774049,0.75,4,2,6,always_defect,qwen3-8b-base,0.0,0.4302440050417066,1.0,0.31292810853079905,0.3617729831643644,0.018750000000000006,-0.049410496428791105,0.5540505392521917,0
34,0,3.6068335636978155,3.487923503361019,0.5,4,3,5,always_defect,qwen3-8b-base,0.0,0.4916198638506667,1.0,0.23736256063415612,0.18413826209919865,0.25,-0.0048185782858666485,0.6359495777780502,0
34,1,3.6068335636978155,3.487923503361019,0.5,4,3,5,always_defect,qwen3-8b-base,0.0,0.4916198638506667,1.0,0.23736256063415612,0.18342372768117315,0.25,-0.0048185782858666485,0.6363068449870628,0
35,0,4.386132782557465,0.9319775583131403,0.75,4,2,8,always_defect,qwen3-8b-base,0.0,0.17524599878094488,1.0,0.28109224068106087,0.4789415482521859,0.15125000000000002,-0.16237700060952764,0.19657034025972187,1
35,1,4.386132782557465,0.9319775583131403,0.75,4,2,8,always_defect,qwen3-8b-base,0.375,0.10952874923809053,0.14285714285714285,0.0401560343830087,0.45182608621432674,0.125,-0.1319313129952412,-0.09271967361046927,1
36,0,4.151883966673476,0.8209343659135556,0.5,4,3,5,always_defect,qwen3-8b-base,0.2,0.13206746130803892,1.0,0.1758180598976863,0.2578434233968424,0.16299999999999998,-0.06698313467299029,0.165567182572706,0
36,1,4.151883966673476,0.8209343659135556,0.5,4,3,5,always_defect,qwen3-8b-base,0.2,0.13206746130803892,0.5,0.08790902994884316,0.2767291370884538,0.2125,-0.11722048567773298,0.0581678255771086,0
37,0,4.180723744229363,0.7552865055062352,0.75,6,3,7,tit_for_tat,qwen3-8b-base,1.0,0.84698441305978,1.0,0.27262793754752745,0.28217888392109747,0.04413333333333334,0.13631530513062776,0.9979965236654198,0
37,1,4.180723744229363,0.7552865055062352,0.75,6,3,7,tit_for_tat,qwen3-8b-base,0.14285714285714285,0.3731517639658402,0.6666666666666666,0.18175195836501828,0.47857555888343495,0.10111111111111111,-0.028915367754981623,0.3114851760670007,1
38,0,5.62350417005425,2.6594544202721186,0.75,6,2,8,grim_trigger,qwen3-8b-base,1.0,0.6789245785463561,1.0,0.3038802950503664,0.2755198410808818,0.0902777777777778,0.08946228927317801,0.8562277392154289,0
38,1,5.62350417005425,2.6594544202721186,0.75,6,2,8,grim_trigger,qwen3-8b-base,0.875,0.7190590062280616,0.7142857142857143,0.21705735360740455,0.24874495454851625,0.04152777777777779,0.05218633540935388,0.8182671744873773,0
39,0,3.3902465548916982,2.413837692402849,0.0,4,2,7,always_cooperate,qwen3-8b-base,1.0,0.5841139463942121,1.0,0.06102812001563685,0.19807925703501864,0.11607142857142858,-0.030040695140790014,0.541810910015084,0
39,1,3.3902465548916982,2.413837692402849,0.0,4,2,7,always_cooperate,qwen3-8b-base,0.7142857142857143,0.702938533138723,0.6666666666666666,0.0406854133437579,0.14114419219724736,0.039642857142857146,-0.024032556112631998,0.6696186280820525,2
40,0,3.185268505936765,2.6342556615081723,0.5,6,3,8,random,qwen3-8b-base,0.25,0.5447468460723445,0.14285714285714285,0.03533765150645226,0.38026700792224544,0.03875000000000001,-0.0064108611405422344,0.38914963597510627,1
40,1,3.185268505936765,2.6342556615081723,0.5,6,3,8,random,qwen3-8b-base,1.0,0.4789240258311961,0.7142857142857143,0.1766882575322613,0.40251790488103284,0.022083333333333323,0.009369720128484804,0.45552454593900166,0
41,0,4.4104108788383005,4.403489555580511,0.5,6,2,8,always_cooperate,qwen3-8b-base,0.0,1.0,-1.0,-0.26236268495119985,0.10271907083178317,0.11111111111111115,0.00012269899882314897,0.6862931170077616,2
41,1,4.4104108788383005,4.403489555580511,0.5,6,2,8,always_cooperate,qwen3-8b-base,0.75,0.6252944775971754,0.42857142857142855,0.11244115069337135,0.09512448620685997,0.1519444444444445,0.00017177859835237896,0.6901948575119108,1
42,0,4.322472359988043,1.5710954444330714,0.5,6,3,5,grim_trigger,qwen3-8b-base,1.0,0.7334220125109107,1.0,0.18907771874219534,0.29969247653805786,0.07911111111111112,-0.015561467500727311,0.7695411994839316,0
42,1,4.322472359988043,1.5710954444330714,0.5,6,3,5,grim_trigger,qwen3-8b-base,1.0,0.7334220125109107,1.0,0.18907771874219534,0.2865174837519687,0.00844444444444444,0.027232568126272956,0.7846875030023762,0
43,0,3.2264939813937095,2.553293381148996,0.5,6,3,9,tit_for_tat,qwen3-8b-base,0.8888888888888888,0.5452958243974785,0.5,0.12406010150643912,0.2847906426678086,0.01876543209876544,0.02911874425552183,0.5301960205984046,1
43,1,3.2264939813937095,2.553293381148996,0.5,6,3,9,tit_for_tat,qwen3-8b-base,0.7777777777777778,0.5943805478962514,0.5,0.12406010150643912,0.3093515934526665,0.014197530864197536,0.024804856217666774,0.5665209478116535,1
44,0,3.472466164903713,1.6380611636780655,1.0,6,2,6,random,qwen3-8b-base,0.3333333333333333,0.32693008552335084,0.6,0.22358642368115755,0.2726063003212475,0.062222222222222213,-0.029912193714438602,0.40922799342481153,1
44,1,3.472466164903713,1.6380611636780655,1.0,6,2,6,random,qwen3-8b-base,0.16666666666666666,0.6068422792377894,0.2,0.07452880789371918,0.2997077152915649,0.03537037037037037,-0.029912193714438602,0.5265318638666531,1
45,0,3.03839757726407,1.2911258846432112,0.25,4,2,6,always_defect,qwen3-8b-base,0.16666666666666666,0.24851193131742352,1.0,0.1187447042893195,0.453052615460128,0.17708333333333334,-0.10930057797700805,0.12251356488051102,1
45,1,3.03839757726407,1.2911258846432112,0.25,4,2,6,always_defect,qwen3-8b-base,0.0,0.2982143175809082,1.0,0.1187447042893195,0.47482623590706624,0.020833333333333332,-0.11770831474447024,0.15992785145928293,1
46,0,5.950039609326533,2.2097751004762705,0.25,6,2,5,always_cooperate,qwen3-8b-base,0.0,1.0,-1.0,-0.10971106406770811,0.423472901828554,0.1864444444444444,0.11459403926037962,0.7014712928700908,0
46,1,5.950039609326533,2.2097751004762705,0.25,6,2,5,always_cooperate,qwen3-8b-base,1.0,0.7291880785207593,1.0,0.10971106406770811,0.3038230486627618,0.04577777777777779,0.16043165496453152,0.7190739492499928,0
47,0,4.852672471577184,0.4884756499943901,0.75,4,4,6,always_defect,qwen3-8b-base,0.5,0.045727588795146684,-0.2,-0.05167768603402031,0.4035512425546944,0.11458333333333333,0.022696934578317025,-0.20394289608650137,1
47,1,4.852672471577184,0.4884756499943901,0.75,4,4,6,always_defect,qwen3-8b-base,0.16666666666666666,0.07621264799191114,0.6,0.15503305810206092,0.4028248814517193,0.03125000000000001,0.0,0.0298332653681124,0
48,0,3.19265556507308,1.3562964861568823,0.25,4,4,7,tit_for_tat,qwen3-8b-base,1.0,0.7018441894127766,1.0,0.12212722853202174,0.045672570026614526,0.0625,0.016820349117731417,0.8035380399483097,0
48,1,3.19265556507308,1.3562964861568823,0.25,4,4,7,tit_for_tat,qwen3-8b-base,1.0,0.7018441894127766,1.0,0.12212722853202174,0.04713216476712038,0.0625,0.024029070168187654,0.8038380598709791,0
49,0,3.203589363681116,0.9942723927563532,1.0,6,4,6,tit_for_tat,qwen3-8b-base,1.0,0.76314789517982,1.0,0.35919683309052114,0.37556531441553465,0.07796296296296298,0.06335041920995661,0.9451204742642331,0
49,1,3.203589363681116,0.9942723927563532,1.0,6,4,6,tit_for_tat,qwen3-8b-base,0.6666666666666666,0.7149072809232432,0.2,0.07183936661810424,0.418963751793285,0.1368611111111111,0.02680210043498161,0.5817317883838686,1
